{
    "$schema": "https://schema.management.azure.com/schemas/2015-01-01/deploymentParameters.json#",
    "contentVersion": "1.0.0.0",
    "parameters": {
        "name": {
            "value": "karVault"
        },
        "location": {
            "value": "eastus2"
        },
        "sku": {
            "value": "Standard"
        },
        "accessPolicies": {
            "value": [
                {
                    "objectId": "5570077c-3d3a-4e49-bc86-ce497c8cd66e",
                    "tenantId": "72f988bf-86f1-41af-91ab-2d7cd011db47",
                    "permissions": {
                        "keys": [
                            "Get",
                            "List",
                            "Update",
                            "Create",
                            "Import",
                            "Delete",
                            "Backup",
                            "Restore"
                        ],
                        "secrets": [
                            "All"
                        ],
                        "certificates": []
                    }
                }
            ]
        },
        "tenant": {
            "value": "72f988bf-86f1-41af-91ab-2d7cd011db47"
        },
        "enabledForDeployment": {
            "value": true
        },
        "enabledForTemplateDeployment": {
            "value": true
        },
        "enabledForDiskEncryption": {
            "value": false
        }
    }
}