{
    "$schema": "http://schema.management.azure.com/schemas/2014-04-01-preview/deploymentTemplate.json#",
    "contentVersion": "1.0.0.0",
    "parameters": {
        "name": {
            "type": "string"
        },
        "location": {
            "type": "string"
        },
        "sku": {
            "type": "string",
            "defaultValue": "Standard",
            "allowedValues": [
                "Standard",
                "standard",
                "Premium",
                "premium"
            ],
            "metadata": {
                "description": "SKU for the vault"
            }
        },
        "accessPolicies": {
            "type": "array",
            "defaultValue": [],
            "metadata": {
                "description": "The access policies defined for this vault."
            }
        },
        "tenant": {
            "type": "string"
        },
        "enabledForDeployment": {
            "type": "bool"
        },
        "enabledForTemplateDeployment": {
            "type": "bool"
        },
        "enabledForDiskEncryption": {
            "type": "bool"
        }
    },
    "resources": [
        {
            "apiVersion": "2015-06-01",
            "name": "[parameters('name')]",
            "location": "[parameters('location')]",
            "type": "Microsoft.KeyVault/vaults",
            "properties": {
                "enabledForDeployment": "[parameters('enabledForDeployment')]",
                "enabledForTemplateDeployment": "[parameters('enabledForTemplateDeployment')]",
                "enabledForDiskEncryption": "[parameters('enabledForDiskEncryption')]",
                "accessPolicies": "[parameters('accessPolicies')]",
                "tenantId": "[parameters('tenant')]",
                "sku": {
                    "name": "[parameters('sku')]",
                    "family": "A"
                }
            }
        }
    ]
}